Practice ID,Practice Name
1,Ainyx Surgical Associates
2,Muxo Associates
3,Twimbo Surgical Associates
4,Devbug Practice
5,Livetube Medical Practice
6,Dynava Practice
7,Jabbertype Practice
8,Meetz Practice
9,Jabbersphere Associates
10,Skipfire Medical Practice
11,Yamia Surgical Group
12,Mymm Surgical Associates
13,Buzzbean Associates
14,Brainsphere Medical Group
15,Youbridge Surgical Associates
16,Tagcat Associates
17,Oba Associates
18,Mydo Medical Practice
19,Blognation Surgical Associates
20,Wordware Medical Practice
21,Twitterworks Surgical Associates
22,Yodo Practice
23,Oyope Surgical Associates
24,Tazz Associates
25,Brainbox Surgical Group
26,Abatz Medical Practice
27,Realpoint Medical Group
28,Meembee Associates
29,Linktype Surgical Associates
30,Meezzy Associates
31,Skyvu Medical Group
32,Mycat Associates
33,Quatz Associates
34,Quinu Practice
35,Linktype Medical Practice
36,Tazz Medical Group
37,Linktype Surgical Group
38,Blogtag Surgical Associates
39,Eidel Practice
40,Twiyo Medical Practice
41,Youfeed Medical Group
42,Bubbletube Medical Practice
43,Yodoo Medical Group
44,Thoughtworks Surgical Group
45,Voolith Practice
46,Muxo Surgical Group
47,Flipbug Medical Group
48,Yata Surgical Group
49,Feednation Associates
50,Eidel Associates
51,Leenti Medical Practice
52,Skimia Associates
53,Twimm Surgical Group
54,Mita Practice
55,Tavu Surgical Associates
56,Riffpath Medical Practice
57,Meetz Medical Group
58,Jabberstorm Surgical Associates
59,Kazio Associates
60,Bluejam Medical Practice
61,Brainverse Medical Practice
62,Podcat Practice
63,Jabberbean Surgical Group
64,Zoozzy Associates
65,Photojam Practice
66,Skyvu Medical Group
67,Rhynyx Medical Practice
68,Flashdog Medical Group
69,Skiptube Surgical Group
70,Linktype Medical Group
71,Photobean Associates
72,Skippad Associates
73,Jaxnation Medical Practice
74,Skyba Medical Practice
75,Jabbercube Surgical Associates
76,Photobug Medical Group
77,Abata Medical Group
78,Cogidoo Associates
79,Voomm Surgical Group
80,Buzzster Surgical Group
81,Skyndu Surgical Group
82,Yodoo Surgical Associates
83,Fiveclub Medical Practice
84,Leenti Surgical Associates
85,Jabbercube Associates
86,Oyondu Surgical Group
87,Browsezoom Surgical Group
88,Yozio Surgical Group
89,Voonte Surgical Group
90,Yodo Surgical Associates
91,Jaxworks Practice
92,Livefish Associates
93,Thoughtblab Surgical Associates
94,Skyndu Medical Group
95,Innojam Associates
96,Eire Medical Group
97,Bluejam Medical Practice
98,Photolist Medical Practice
99,Lajo Associates
100,Livetube Medical Group
101,Babbleblab Practice
102,Oba Practice
103,Vidoo Practice
104,Devpoint Surgical Associates
105,Rhycero Surgical Group
106,Tagchat Surgical Associates
107,Tanoodle Practice
108,Fadeo Medical Group
109,Devpulse Medical Practice
110,Skipfire Medical Group
111,Devify Surgical Associates
112,Jazzy Surgical Group
113,Fanoodle Surgical Associates
114,Thoughtsphere Associates
115,Jayo Practice
116,Einti Surgical Group
117,Skajo Associates
118,Myworks Surgical Group
119,Livetube Medical Practice
120,Feedbug Surgical Group
121,Rooxo Surgical Group
122,Twinder Associates
123,Midel Medical Practice
124,Twitterwire Medical Group
125,Edgepulse Associates
126,Vitz Medical Practice
127,Jamia Practice
128,Dabtype Surgical Group
129,Divavu Medical Group
130,Meevee Medical Group
131,JumpXS Practice
132,Zoonoodle Surgical Associates
133,Realcube Surgical Associates
134,Snaptags Associates
135,Ntag Surgical Associates
136,Quimm Surgical Associates
137,Jayo Surgical Group
138,InnoZ Associates
139,Zooveo Practice
140,Rhynyx Surgical Group
141,Youbridge Surgical Associates
142,Voomm Medical Group
143,Topdrive Medical Group
144,Yombu Medical Practice
145,Feedbug Medical Practice
146,Topicshots Surgical Group
147,Leexo Medical Group
148,Muxo Practice
149,Twitterworks Surgical Associates
150,Twitterbridge Practice
151,Myworks Surgical Associates
152,Babbleset Practice
153,Cogidoo Medical Practice
154,Skibox Surgical Associates
155,Twitterworks Medical Practice
156,Meedoo Surgical Associates
157,Trilith Medical Group
158,Browsedrive Medical Practice
159,Yodo Surgical Associates
160,Latz Associates
161,Wikivu Surgical Associates
162,Fanoodle Surgical Associates
163,Lazz Practice
164,Fadeo Medical Group
165,Leexo Surgical Associates
166,Yodel Medical Practice
167,Chatterbridge Practice
168,Flipopia Surgical Associates
169,Blogpad Medical Group
170,Wikizz Surgical Associates
171,Tazzy Practice
172,Eayo Associates
173,Oyoloo Practice
174,Browsetype Practice
175,Livefish Practice
176,Skidoo Medical Practice
177,Thoughtmix Medical Practice
178,Meetz Surgical Associates
179,Yombu Associates
180,Rhycero Surgical Associates
181,Skajo Medical Group
182,Skynoodle Associates
183,Trudoo Associates
184,Realbuzz Practice
185,Skidoo Associates
186,Devbug Associates
187,Quinu Practice
188,Voolith Practice
189,Demivee Surgical Group
190,Wordtune Practice
191,Babbleset Medical Practice
192,Devcast Practice
193,Centizu Surgical Group
194,Zooveo Practice
195,Flipstorm Medical Group
196,Browsedrive Surgical Associates
197,Rhyloo Surgical Group
198,Abatz Surgical Group
199,Gabcube Medical Practice
200,Thoughtstorm Surgical Associates
201,Mydeo Associates
202,Photospace Medical Practice
203,Jaxbean Practice
204,Roombo Practice
205,Kanoodle Associates
206,Meejo Surgical Group
207,Centizu Practice
208,Shufflester Surgical Associates
209,Gevee Medical Group
210,Meejo Practice
211,Quinu Practice
212,Gabspot Medical Group
213,Gevee Medical Practice
214,Skimia Medical Practice
215,Wikivu Practice
216,Skiptube Medical Practice
217,Npath Medical Group
218,Kaymbo Surgical Group
219,Izio Medical Group
220,Topiczoom Surgical Associates
221,Ainyx Associates
222,Eadel Practice
223,Shufflebeat Medical Practice
224,Skyndu Surgical Group
225,Skinte Surgical Associates
226,Plambee Medical Practice
227,Oloo Surgical Associates
228,Devshare Medical Practice
229,Wordtune Practice
230,Roodel Practice
231,Vimbo Surgical Group
232,Meemm Medical Practice
233,Zava Practice
234,Yacero Medical Group
235,Yamia Surgical Associates
236,Blogpad Practice
237,Yombu Medical Group
238,Buzzbean Associates
239,Kanoodle Surgical Group
240,Dabshots Medical Practice
241,Photojam Medical Practice
242,Thoughtmix Surgical Associates
243,Oba Medical Practice
244,Mynte Medical Group
245,Thoughtbeat Associates
246,Skinder Surgical Associates
247,Flashspan Associates
248,Skilith Surgical Associates
249,Wordify Surgical Associates
250,Jayo Medical Group
251,Ntag Associates
252,Linktype Practice
253,Lazz Medical Practice
254,Chatterpoint Associates
255,Linklinks Medical Practice
256,Yakidoo Medical Group
257,Trilith Medical Practice
258,Omba Practice
259,Chatterbridge Medical Group
260,Zoombox Associates
261,Jabbercube Medical Practice
262,Jetwire Practice
263,Jayo Surgical Group
264,Edgewire Medical Practice
265,Jayo Practice
266,Tekfly Practice
267,Gabtune Medical Practice
268,Gevee Medical Group
269,Devshare Medical Practice
270,Yotz Surgical Associates
271,Browsetype Medical Group
272,Brainlounge Medical Group
273,Quatz Medical Group
274,Meejo Medical Group
275,Flipstorm Surgical Associates
276,Gigashots Practice
277,Skilith Surgical Group
278,Kwideo Medical Practice
279,Dynabox Surgical Associates
280,Thoughtstorm Practice
281,Fivebridge Practice
282,Rooxo Practice
283,Zoomzone Surgical Associates
284,Dabfeed Medical Group
285,Buzzshare Associates
286,Eire Surgical Group
287,Oyoyo Associates
288,Tagopia Associates
289,Zoomcast Associates
290,Meemm Medical Practice
291,Linklinks Surgical Associates
292,Eayo Medical Group
293,Dablist Surgical Group
294,Yabox Associates
295,Ozu Medical Group
296,Yakijo Medical Group
297,Youtags Medical Practice
298,Jabbertype Surgical Associates
299,Quinu Practice
300,Kwinu Medical Practice
301,Yadel Medical Practice
302,Babbleopia Associates
303,Feedspan Surgical Associates
304,Zoomcast Medical Group
305,Zoombox Surgical Group
306,Vimbo Medical Group
307,Voomm Surgical Group
308,Chatterpoint Surgical Group
309,Rhyloo Associates
310,Centimia Medical Group
311,Trilia Surgical Associates
312,Meeveo Medical Group
313,Divape Medical Practice
314,Oyoyo Medical Practice
315,Dabfeed Medical Practice
316,Eabox Associates
317,Rhyloo Medical Group
318,Youspan Medical Group
319,Thoughtsphere Medical Group
320,Zoomlounge Practice
321,Agivu Surgical Associates
322,Trunyx Practice
323,Feedfish Practice
324,Mymm Associates
325,Meevee Medical Group
326,Aimbo Medical Practice
327,Topiclounge Surgical Group
328,Topicshots Medical Practice
329,Zoonder Surgical Group
330,Jabbercube Medical Practice
331,Mita Surgical Associates
332,Wordify Associates
333,Camido Associates
334,Feedfire Medical Group
335,Photolist Medical Group
336,Twimbo Surgical Group
337,Edgepulse Practice
338,Latz Medical Practice
339,Lazzy Surgical Associates
340,Jabberstorm Surgical Group
341,Flashspan Medical Practice
342,Yombu Associates
343,Innotype Medical Group
344,Brightbean Medical Practice
345,Realblab Surgical Associates
346,Aimbu Surgical Associates
347,Thoughtbridge Associates
348,Dabshots Medical Practice
349,Skaboo Medical Group
350,Oyope Surgical Group
351,Oyope Surgical Associates
352,Jazzy Medical Practice
353,Kamba Surgical Group
354,Voonder Medical Practice
355,Zoonder Associates
356,Kwideo Medical Practice
357,Livetube Surgical Associates
358,Linktype Medical Group
359,Centidel Practice
360,Skynoodle Surgical Associates
361,Yakijo Practice
362,Devshare Medical Practice
363,Meembee Surgical Group
364,Kimia Surgical Group
365,Twitterlist Medical Group
366,Brainlounge Associates
367,Oyoloo Surgical Group
368,Rhyzio Associates
369,Topdrive Associates
370,Realcube Associates
371,Kwinu Medical Practice
372,Wikibox Medical Practice
373,Dabjam Medical Practice
374,Rhybox Associates
375,Eayo Medical Group
376,Meemm Surgical Associates
377,Fiveclub Surgical Group
378,Yamia Medical Practice
379,Zava Associates
380,Plambee Surgical Group
381,Tagcat Medical Practice
382,Ailane Medical Group
383,Oyope Surgical Associates
384,Feedfire Associates
385,Mymm Surgical Group
386,Thoughtworks Practice
387,Mita Surgical Associates
388,Talane Medical Group
389,Nlounge Medical Group
390,Feednation Medical Practice
391,Fivespan Medical Practice
392,Npath Surgical Associates
393,Rhycero Associates
394,Yoveo Medical Practice
395,Quatz Practice
396,Livetube Medical Group
397,Rooxo Associates
398,Linkbuzz Medical Group
399,Shuffledrive Medical Group
400,Linkbuzz Associates
401,Tanoodle Medical Practice
402,Flashpoint Medical Practice
403,Youspan Surgical Group
404,Feedfire Surgical Group
405,Oba Medical Practice
406,Yodel Surgical Group
407,Tavu Surgical Group
408,Browsecat Surgical Associates
409,Tavu Medical Practice
410,Youspan Practice
411,Twitterlist Surgical Group
412,Shufflebeat Associates
413,Topiczoom Surgical Group
414,Brainlounge Medical Group
415,Vimbo Associates
416,Bluezoom Medical Practice
417,Nlounge Medical Practice
418,Devpoint Medical Group
419,Zoozzy Surgical Group
420,Oyoba Surgical Associates
421,Livetube Associates
422,Einti Practice
423,Yodo Associates
424,Skinder Surgical Group
425,Lazzy Surgical Group
426,Skinte Surgical Group
427,Aibox Medical Group
428,Topicware Surgical Group
429,Wordify Surgical Group
430,Kazio Surgical Associates
431,Linkbridge Surgical Group
432,Yakidoo Medical Group
433,Blogspan Surgical Group
434,Photobean Medical Practice
435,Quinu Medical Group
436,Twimm Associates
437,Topiclounge Associates
438,Meevee Surgical Group
439,Yoveo Surgical Associates
440,Twitterbeat Practice
441,Aimbo Surgical Group
442,Oba Medical Group
443,Skimia Associates
444,Meemm Surgical Group
445,Avaveo Surgical Group
446,Edgewire Medical Group
447,Realbuzz Surgical Associates
448,Mita Practice
449,Yombu Associates
450,Edgepulse Medical Group
451,Devbug Surgical Associates
452,Wikido Associates
453,Gabcube Practice
454,Topicshots Surgical Group
455,Twitterbridge Surgical Group
456,Tazzy Associates
457,Oyonder Associates
458,Talane Associates
459,Blogtags Medical Group
460,Yakidoo Associates
461,Mudo Surgical Group
462,Dazzlesphere Surgical Associates
463,Babbleblab Surgical Group
464,Twinder Medical Practice
465,Blogpad Associates
466,Jabberstorm Associates
467,Kimia Medical Practice
468,Kamba Associates
469,Yata Surgical Associates
470,Skidoo Practice
471,Thoughtblab Medical Practice
472,Flashdog Medical Practice
473,Tekfly Surgical Group
474,Photobug Surgical Associates
475,Tekfly Associates
476,Myworks Associates
477,Devify Medical Group
478,Dabjam Associates
479,Jamia Medical Group
480,Oozz Surgical Associates
481,Brainverse Medical Practice
482,Ntags Practice
483,Riffpedia Associates
484,Meevee Medical Group
485,Quimm Medical Practice
486,Zazio Medical Group
487,Mudo Surgical Group
488,Riffpath Surgical Associates
489,Shuffletag Medical Group
490,Brainsphere Associates
491,Jaxbean Surgical Group
492,Linktype Associates
493,Gigashots Associates
494,Yacero Associates
495,Skalith Associates
496,Brainbox Medical Practice
497,Skippad Associates
498,Midel Surgical Group
499,Yadel Medical Group
500,Kwinu Surgical Group
501,Babblestorm Surgical Associates
502,Twitterwire Surgical Group
503,Twiyo Associates
504,Flashset Associates
505,Voomm Medical Practice
506,Ozu Surgical Group
507,Feedfish Medical Practice
508,Tagcat Practice
509,Cogilith Surgical Associates
510,Skidoo Surgical Associates
511,Cogibox Surgical Group
512,Skinix Surgical Group
513,Jabbersphere Medical Practice
514,Tagfeed Surgical Associates
515,Thoughtworks Medical Practice
516,Oyondu Surgical Group
517,Skaboo Associates
518,Trunyx Practice
519,Feednation Surgical Associates
520,Thoughtmix Practice
521,Kwilith Medical Practice
522,Bubbletube Practice
523,Photospace Surgical Group
524,Jabbertype Medical Practice
525,Eidel Surgical Associates
526,Kazu Surgical Group
527,Voonder Surgical Group
528,Dynabox Associates
529,Flipopia Medical Practice
530,Kwilith Practice
531,Kwimbee Surgical Associates
532,Yakitri Medical Group
533,Livetube Surgical Group
534,Rhyloo Surgical Associates
535,Yakitri Medical Group
536,Wikizz Surgical Group
537,Yadel Medical Group
538,Linklinks Surgical Associates
539,Skinder Medical Practice
540,Skinix Medical Practice
541,Meezzy Associates
542,Ooba Medical Practice
543,Tazz Practice
544,Zoonder Medical Practice
545,Kazio Medical Practice
546,Linkbuzz Medical Group
547,Twitterwire Surgical Group
548,Dynabox Medical Practice
549,Linklinks Medical Group
550,Voonte Surgical Group
551,Fanoodle Medical Practice
552,Kayveo Medical Practice
553,Livepath Surgical Group
554,Brightbean Medical Practice
555,Oyope Surgical Associates
556,Wordify Practice
557,Oyoba Medical Group
558,Yoveo Surgical Associates
559,Katz Medical Practice
560,Devshare Surgical Associates
561,Realfire Practice
562,Skyble Medical Practice
563,Jaxbean Surgical Group
564,Dazzlesphere Practice
565,Tekfly Surgical Group
566,Gabtune Practice
567,Ntags Surgical Group
568,Thoughtworks Medical Group
569,Cogibox Medical Practice
570,Jabberstorm Associates
571,Agivu Associates
572,Katz Surgical Group
573,Oyoba Associates
574,Flashset Medical Practice
575,Devpoint Surgical Associates
576,Quamba Surgical Group
577,Flipopia Medical Practice
578,Dynazzy Associates
579,Divape Medical Group
580,Realbuzz Medical Group
581,Quinu Practice
582,Dabshots Surgical Group
583,Tagcat Surgical Group
584,Vimbo Medical Group
585,Devpoint Practice
586,Tanoodle Associates
587,Omba Surgical Group
588,Skivee Surgical Associates
589,Gigazoom Surgical Associates
590,Leexo Practice
591,Meembee Surgical Associates
592,Jaxnation Practice
593,Wikivu Associates
594,Vimbo Surgical Group
595,Realfire Medical Practice
596,Yadel Surgical Associates
597,Quatz Medical Practice
598,Youfeed Surgical Group
599,Brainsphere Medical Practice
600,InnoZ Medical Group
601,Photobug Surgical Associates
602,Skibox Surgical Group
603,Brightdog Medical Practice
604,Riffwire Surgical Group
605,Zooxo Surgical Group
606,Zoomzone Surgical Associates
607,Trunyx Medical Group
608,Eabox Medical Group
609,Muxo Surgical Group
610,Thoughtstorm Surgical Associates
611,InnoZ Surgical Associates
612,Topicshots Surgical Associates
613,Jabbercube Surgical Associates
614,Divavu Medical Group
615,Brightdog Medical Group
616,Zoomzone Medical Group
617,Gigashots Surgical Associates
618,Blogtag Practice
619,Skimia Medical Practice
620,Ozu Medical Group
621,Rhyloo Surgical Group
622,Topicstorm Medical Practice
623,Babbleopia Associates
624,Skimia Medical Practice
625,Tavu Associates
626,Feedfire Medical Group
627,Jaxnation Associates
628,Meevee Practice
629,Lazzy Surgical Group
630,Wikivu Surgical Associates
631,Devcast Practice
632,Photobug Practice
633,Divavu Surgical Group
634,Brainbox Surgical Associates
635,Einti Surgical Associates
636,Mydo Associates
637,Voomm Medical Group
638,Wordtune Surgical Associates
639,Brightdog Associates
640,Mita Surgical Associates
641,Cogidoo Surgical Group
642,Oyoloo Practice
643,Livetube Surgical Associates
644,Photospace Practice
645,Fiveclub Surgical Associates
646,LiveZ Practice
647,Zoovu Medical Practice
648,Yadel Associates
649,Jazzy Practice
650,Kwideo Medical Group
651,Twitterworks Associates
652,Voolith Associates
653,Blogpad Associates
654,Twitterbridge Associates
655,Buzzdog Practice
656,Flashpoint Associates
657,Twitterbeat Surgical Associates
658,Reallinks Surgical Associates
659,Muxo Medical Practice
660,Edgeclub Medical Group
661,Zoomcast Medical Group
662,Wordtune Medical Practice
663,Centimia Practice
664,Kamba Medical Practice
665,Divavu Associates
666,Buzzshare Medical Practice
667,Pixope Practice
668,Feednation Associates
669,Divavu Medical Group
670,Mynte Practice
671,Zoomlounge Associates
672,Chatterbridge Associates
673,Tagtune Practice
674,Vimbo Associates
675,Bubblebox Practice
676,Yodo Associates
677,Meembee Associates
678,Dabfeed Medical Group
679,Gabtune Medical Practice
680,Wordpedia Practice
681,Bubblebox Surgical Associates
682,Quimba Medical Practice
683,Thoughtsphere Practice
684,Yakitri Surgical Associates
685,Tambee Associates
686,Voonder Associates
687,Nlounge Medical Practice
688,Zava Medical Practice
689,Photobean Practice
690,Wordpedia Medical Group
691,Edgetag Practice
692,Zoomcast Surgical Group
693,Centizu Medical Group
694,Twimbo Surgical Associates
695,Jatri Associates
696,Nlounge Medical Group
697,Voonte Medical Group
698,Dabjam Medical Group
699,Skipstorm Practice
700,Mymm Medical Practice
701,Lazz Medical Group
702,Buzzdog Practice
703,Lajo Surgical Associates
704,Aibox Medical Group
705,Edgeify Medical Group
706,Quinu Surgical Group
707,Jetwire Practice
708,Shuffletag Surgical Associates
709,Edgepulse Surgical Group
710,Rhynyx Medical Practice
711,Skidoo Associates
712,Voolith Practice
713,Jaxspan Surgical Group
714,Skinder Associates
715,Realfire Medical Group
716,Skippad Practice
717,Photolist Medical Practice
718,Jabbersphere Surgical Associates
719,Minyx Associates
720,Jetpulse Medical Practice
721,Babbleopia Surgical Associates
722,Photojam Medical Group
723,Yabox Practice
724,Jaxspan Surgical Associates
725,Blogtag Associates
726,Lazzy Practice
727,Buzzbean Practice
728,Flipbug Practice
729,Photofeed Medical Practice
730,Skibox Surgical Group
731,Livefish Medical Group
732,Yata Surgical Associates
733,Dabvine Medical Practice
734,Meedoo Practice
735,Jetpulse Surgical Associates
736,Edgewire Surgical Associates
737,Browsetype Surgical Associates
738,Skyndu Associates
739,Camido Medical Group
740,Yodoo Associates
741,Mybuzz Medical Practice
742,Gigazoom Medical Group
743,Tagcat Medical Practice
744,Eare Medical Practice
745,Edgeify Medical Practice
746,Riffwire Practice
747,Meevee Practice
748,Skynoodle Surgical Associates
749,Twitternation Practice
750,Yadel Surgical Associates
751,Avamm Practice
752,Babblestorm Surgical Associates
753,Meeveo Surgical Associates
754,Bluejam Surgical Group
755,Meezzy Medical Practice
756,Meevee Surgical Associates
757,Topicshots Medical Practice
758,Zoonder Surgical Group
759,Bluezoom Surgical Associates
760,Topicblab Medical Practice
761,Devify Surgical Associates
762,Dabfeed Associates
763,Gigazoom Medical Practice
764,Voonyx Surgical Group
765,Eidel Practice
766,Mita Surgical Group
767,Ooba Medical Practice
768,Teklist Practice
769,Latz Surgical Associates
770,Zoomdog Surgical Group
771,Tambee Medical Group
772,Dablist Practice
773,Bluejam Surgical Associates
774,Oloo Surgical Associates
775,Photospace Practice
776,Gigabox Associates
777,Youtags Surgical Group
778,Skimia Associates
779,Flipbug Medical Group
780,Pixonyx Medical Practice
781,Eimbee Surgical Group
782,Quimm Practice
783,Minyx Surgical Group
784,Jabberbean Practice
785,Wikizz Associates
786,Feedfish Surgical Group
787,Vitz Associates
788,Eimbee Surgical Group
789,Browseblab Medical Practice
790,Browseblab Surgical Group
791,Jabberstorm Surgical Group
792,Riffpedia Medical Practice
793,Wordware Surgical Associates
794,Skinix Surgical Group
795,Gigaclub Associates
796,Tazzy Surgical Group
797,Kamba Practice
798,Zoozzy Associates
799,Skiptube Associates
800,Topicshots Surgical Associates
801,Blognation Medical Practice
802,Flipopia Medical Practice
803,Roomm Practice
804,Flashpoint Practice
805,Livepath Associates
806,Plambee Surgical Group
807,Linklinks Practice
808,Topicshots Surgical Group
809,Dabfeed Surgical Associates
810,BlogXS Medical Group
811,Meemm Surgical Group
812,Linkbuzz Practice
813,Myworks Medical Group
814,Skilith Surgical Associates
815,Gigaclub Medical Practice
816,Agivu Associates
817,Cogibox Surgical Group
818,Devbug Surgical Group
819,Topdrive Surgical Associates
820,Ainyx Practice
821,Topicblab Surgical Group
822,Edgeclub Medical Practice
823,Feedspan Medical Practice
824,Ailane Medical Practice
825,Photospace Practice
826,Meedoo Associates
827,Wordtune Medical Group
828,Blognation Surgical Group
829,Jayo Surgical Group
830,Avamba Practice
831,Meembee Surgical Associates
832,Pixonyx Practice
833,Einti Surgical Associates
834,Snaptags Associates
835,Digitube Surgical Group
836,Skimia Practice
837,Photobug Practice
838,Edgeblab Surgical Associates
839,Yoveo Practice
840,Tagpad Practice
841,Eimbee Practice
842,Zoozzy Practice
843,Shuffledrive Medical Group
844,Skinte Medical Practice
845,Vitz Medical Practice
846,Wikivu Medical Practice
847,Fatz Practice
848,Mynte Surgical Associates
849,Tambee Practice
850,Twitterbeat Surgical Associates
851,Tagpad Surgical Associates
852,Jaloo Surgical Associates
853,Tagcat Practice
854,Realcube Medical Group
855,Zazio Medical Group
856,Meezzy Surgical Group
857,Vimbo Surgical Group
858,Fivespan Surgical Associates
859,Devshare Medical Group
860,Tagfeed Medical Group
861,Skimia Medical Practice
862,Aimbo Medical Group
863,Skibox Surgical Group
864,Youtags Surgical Associates
865,Oyope Practice
866,Avaveo Surgical Associates
867,Trilia Medical Group
868,Linkbridge Medical Group
869,Feednation Surgical Group
870,Meevee Medical Practice
871,Dazzlesphere Surgical Group
872,Tagtune Surgical Associates
873,Browsezoom Medical Group
874,Realfire Practice
875,Trupe Surgical Associates
876,Twinder Practice
877,Miboo Surgical Associates
878,Twimbo Medical Group
879,Aimbo Surgical Associates
880,Feedspan Medical Group
881,Innotype Practice
882,Zooxo Surgical Associates
883,Twitterlist Medical Practice
884,Feedfire Associates
885,Dablist Medical Group
886,Fanoodle Practice
887,Oyoyo Surgical Associates
888,Brightdog Medical Practice
889,Jayo Practice
890,Flashpoint Associates
891,Rhyloo Medical Group
892,Demimbu Medical Group
893,Wikibox Medical Group
894,Brightdog Practice
895,Dynabox Medical Practice
896,Quire Practice
897,Edgeblab Medical Practice
898,Jatri Surgical Group
899,Linkbuzz Medical Group
900,Jaxnation Surgical Associates
901,Lazzy Medical Practice
902,Skinix Medical Group
903,Fliptune Surgical Group
904,Topdrive Medical Group
905,Meemm Surgical Group
906,Realblab Associates
907,Oyoloo Medical Practice
908,Dynabox Practice
909,Livetube Surgical Associates
910,Flashset Medical Group
911,Cogilith Surgical Associates
912,Riffpath Surgical Associates
913,Dabvine Surgical Group
914,Oyoyo Surgical Associates
915,Tagfeed Surgical Associates
916,Eadel Surgical Associates
917,Oyoloo Surgical Group
918,Aimbu Surgical Group
919,Jaxworks Medical Practice
920,Twitterworks Surgical Associates
921,Skyvu Medical Practice
922,Blogtag Medical Practice
923,Kwinu Associates
924,Babblestorm Practice
925,Gabtune Practice
926,Dablist Surgical Associates
927,Vidoo Surgical Associates
928,Topicstorm Practice
929,Twitterbeat Practice
930,Wordtune Medical Practice
931,Tazz Associates
932,Edgeblab Medical Group
933,Edgetag Surgical Associates
934,Gabtype Surgical Group
935,Wikizz Associates
936,Edgeblab Medical Practice
937,Browsetype Practice
938,Oozz Medical Group
939,Eabox Surgical Associates
940,Ooba Medical Group
941,Eazzy Surgical Group
942,Quamba Practice
943,Thoughtworks Associates
944,Realpoint Associates
945,Vipe Associates
946,Vimbo Associates
947,Livetube Associates
948,Centimia Medical Practice
949,Jaxworks Medical Group
950,Dynava Medical Practice
951,Skalith Surgical Group
952,Jayo Practice
953,Meejo Practice
954,Skidoo Surgical Group
955,Meevee Practice
956,Photofeed Practice
957,Dabvine Surgical Associates
958,Meevee Medical Group
959,Oozz Medical Practice
960,Chatterpoint Medical Practice
961,Pixope Practice
962,Cogidoo Associates
963,Meevee Medical Practice
964,Skyvu Medical Group
965,Zoomdog Associates
966,Izio Surgical Associates
967,Miboo Surgical Associates
968,Voonder Practice
969,Meetz Medical Group
970,Einti Practice
971,Devshare Practice
972,Dablist Associates
973,Eire Practice
974,Flashset Surgical Associates
975,Vinte Associates
976,Camimbo Surgical Associates
977,Abata Surgical Group
978,Zooxo Surgical Associates
979,Twitterbridge Surgical Associates
980,Izio Surgical Associates
981,Twimbo Surgical Group
982,Devcast Practice
983,Dabfeed Medical Practice
984,Brainsphere Medical Practice
985,Gigaclub Associates
986,Fadeo Associates
987,Twiyo Surgical Associates
988,Skimia Associates
989,Zoovu Practice
990,Centidel Surgical Associates
991,Jamia Medical Practice
992,Vitz Medical Group
993,Kare Medical Practice
994,Centidel Practice
995,InnoZ Associates
996,Edgewire Practice
997,Trudeo Surgical Group
998,Zoonder Surgical Group
999,Bluejam Medical Group
1000,Plajo Medical Practice
